country,correlation
Argentina,0.5454545454545454
Australia,0.2727272727272727
Austria,1.0
Canada,0.8181818181818182
China,0.8181818181818182
France,0.6363636363636364
Germany,0.7272727272727273
Italy,0.6363636363636364
Japan,0.2727272727272727
Mexico,0.7272727272727273
South Africa,0.18181818181818182
Turkiye,0.5454545454545454
United Kingdom,0.7272727272727273
United States,0.2727272727272727
